[CSV] No.;GEN_START;GEN_STOP;GEN_DIFF;CONV_T_START;CONV_T_STOP;CONV_T_DIFF;CONV_R_START;CONV_R_STOP;CONV_R_DIFF;VAL_START;VAL_STOP;VAL_DIFF;QUEUE_GEN_CONV;QUEUE_CONV_CONV;QUEUE_CONV_VAL;TOTAL_DIFF;VALID_RESULT;
[CSV] 0;1608509714569577;1608509714755166;185589;1608509714757724;1608509714759952;2228;1608509714789503;1608509716532495;1742992;1608509716540808;1608509716546752;5944;2558;29551;8313;1785642;0
[CSV] 1;1608509714760385;1608509714913542;153157;1608509716224976;1608509716236674;11698;1608509716560670;1608509718244694;1684024;1608509718246264;1608509718250136;3872;1311434;323996;1570;3332722;0
[CSV] 2;1608509716268003;1608509716450768;182765;1608509717948619;1608509717951717;3098;1608509718277767;1608509719981344;1703577;1608509719982197;1608509719986529;4332;1497851;326050;853;3531429;0
[CSV] 3;1608509717955405;1608509718146530;191125;1608509719686395;1608509719689966;3571;1608509720012205;1608509721638832;1626627;1608509721639423;1608509721643263;3840;1539865;322239;591;3492893;0
[CSV] 4;1608509719701493;1608509719890416;188923;1608509721327933;1608509721331028;3095;1608509721671961;1608509723293681;1621720;1608509723294485;1608509723298152;3667;1437517;340933;804;3404069;0
[CSV] 5;1608509721344923;1608509721534237;189314;1608509722984515;1608509722987568;3053;1608509723326810;1608509724949191;1622381;1608509724949744;1608509724953592;3848;1450278;339242;553;3415507;0
[CSV] 6;1608509722989261;1608509723177205;187944;1608509724641605;1608509724645211;3606;1608509724980233;1608509726613371;1633138;1608509726614282;1608509726618896;4614;1464400;335022;911;3437077;0
[CSV] 7;1608509724682125;1608509724876450;194325;1608509726314312;1608509726317323;3011;1608509726646167;1608509728292394;1646227;1608509728293176;1608509728296682;3506;1437862;328844;782;3416726;0
[CSV] 8;1608509726331168;1608509726518659;187491;1608509727980147;1608509727983765;3618;1608509728319284;1608509730013489;1694205;1608509730014321;1608509730018230;3909;1461488;335519;832;3495662;0
[CSV] 9;1608509728025087;1608509728216755;191668;1608509729711696;1608509729714910;3214;1608509730044579;1608509731749939;1705360;1608509731750842;1608509731754769;3927;1494941;329669;903;3534087;0
[CSV] 10;1608509729721585;1608509729910538;188953;1608509731435160;1608509731438345;3185;1608509731782844;1608509733473126;1690282;1608509733473826;1608509733477418;3592;1524622;344499;700;3563288;0
[CSV] 11;1608509731465440;1608509731656275;190835;1608509733172127;1608509733175128;3001;1608509733504007;1608509735108341;1604334;1608509735109105;1608509735112461;3356;1515852;328879;764;3452830;0
[CSV] 12;1608509733211761;1608509733402337;190576;1608509734796928;1608509734798479;1551;1608509735139318;1608509736783410;1644092;1608509736783961;1608509736787804;3843;1394591;340839;551;3381624;0
[CSV] 13;1608509734806918;1608509734959369;152451;1608509736472765;1608509736475874;3109;1608509736814589;1608509738495186;1680597;1608509738495910;1608509738499499;3589;1513396;338715;724;3536541;0
[CSV] 14;1608509736514635;1608509736705052;190417;1608509738186501;1608509738189577;3076;1608509738526055;1608509740134397;1608342;1608509740135164;1608509740138782;3618;1481449;336478;767;3430112;0
[CSV] 15;1608509738210216;1608509738400378;190162;1608509739820649;1608509739823749;3100;1608509740163197;1608509741846332;1683135;1608509741846897;1608509741850905;4008;1420271;339448;565;3446519;0
[CSV] 16;1608509739855249;1608509740045419;190170;1608509741536587;1608509741539696;3109;1608509741873399;1608509743545731;1672332;1608509743546589;1608509743551337;4748;1491168;333703;858;3501170;0
[CSV] 17;1608509741550849;1608509741739933;189084;1608509743248132;1608509743251219;3087;1608509743578460;1608509745217407;1638947;1608509745217965;1608509745221886;3921;1508199;327241;558;3478032;0
[CSV] 18;1608509743297847;1608509743487109;189262;1608509744910693;1608509744913910;3217;1608509745248503;1608509746880487;1631984;1608509746881301;1608509746885242;3941;1423584;334593;814;3394192;0
[CSV] 19;1608509744941817;1608509745129812;187995;1608509746580754;1608509746583555;2801;1608509746911486;1608509748554081;1642595;1608509748554791;1608509748558296;3505;1450942;327931;710;3424979;0
[CSV] 20;1608509746584247;1608509746739849;155602;1608509748245316;1608509748248450;3134;1608509748585102;1608509750249296;1664194;1608509750250090;1608509750253945;3855;1505467;336652;794;3510241;0
[CSV] 21;1608509748294651;1608509748486467;191816;1608509749937941;1608509749945623;7682;1608509750280241;1608509751908709;1628468;1608509751909525;1608509751913294;3769;1451474;334618;816;3423058;0
[CSV] 22;1608509749941295;1608509750134820;193525;1608509751594535;1608509751597575;3040;1608509751939840;1608509753510786;1570946;1608509753511669;1608509753516505;4836;1459715;342265;883;3376849;0
[CSV] 23;1608509751640261;1608509751830157;189896;1608509753197160;1608509753200262;3102;1608509753544061;1608509755267964;1723903;1608509755268683;1608509755272430;3747;1367003;343799;719;3438526;0
[CSV] 24;1608509753234813;1608509753423264;188451;1608509754969877;1608509754972957;3080;1608509755299263;1608509756959543;1660280;1608509756960431;1608509756964363;3932;1546613;326306;888;3537167;0
[CSV] 25;1608509754978289;1608509755166023;187734;1608509756651625;1608509756654696;3071;1608509756988581;1608509758611235;1622654;1608509758611972;1608509758615450;3478;1485602;333885;737;3445949;0
[CSV] 26;1608509756670744;1608509756859460;188716;1608509758304308;1608509758307312;3004;1608509758642268;1608509760224558;1582290;1608509760225007;1608509760228211;3204;1444848;334956;449;3365547;0
[CSV] 27;1608509758314210;1608509758501876;187666;1608509759917499;1608509759920615;3116;1608509760256247;1608509761893834;1637587;1608509761894596;1608509761898413;3817;1415623;335632;762;3392720;0
[CSV] 28;1608509759957083;1608509760145295;188212;1608509761588824;1608509761591877;3053;1608509761925665;1608509763537919;1612254;1608509763538666;1608509763542388;3722;1443529;333788;747;3393371;0
[CSV] 29;1608509761600434;1608509761788799;188365;1608509763239583;1608509763242787;3204;1608509763569190;1608509765241373;1672183;1608509765242174;1608509765245799;3625;1450784;326403;801;3453375;0
[CSV] 30;1608509763243956;1608509763431305;187349;1608509764941129;1608509764944285;3156;1608509765272289;1608509766856150;1583861;1608509766856710;1608509766860671;3961;1509824;328004;560;3425405;0
[CSV] 31;1608509764987714;1608509765177150;189436;1608509766550135;1608509766553160;3025;1608509766887310;1608509768543348;1656038;1608509768544114;1608509768547782;3668;1372985;334150;766;3366964;0
[CSV] 32;1608509766581901;1608509766771471;189570;1608509768239497;1608509768242655;3158;1608509768576396;1608509770183729;1607333;1608509770184400;1608509770188238;3838;1468026;333741;671;3412929;0
[CSV] 33;1608509768276759;1608509768467811;191052;1608509769889717;1608509769892759;3042;1608509770217220;1608509771816484;1599264;1608509771817300;1608509771821004;3704;1421906;324461;816;3349489;0
[CSV] 34;1608509769923091;1608509770112437;189346;1608509771512549;1608509771515890;3341;1608509771847586;1608509773509797;1662211;1608509773510536;1608509773514426;3890;1400112;331696;739;3398099;0
[CSV] 35;1608509771517463;1608509771707297;189834;1608509773199199;1608509773202229;3030;1608509773542834;1608509775230949;1688115;1608509775231732;1608509775235380;3648;1491902;340605;783;3524435;0
[CSV] 36;1608509773212283;1608509773400954;188671;1608509774932581;1608509774935663;3082;1608509775261824;1608509776897511;1635687;1608509776898369;1608509776902170;3801;1531627;326161;858;3497415;0
[CSV] 37;1608509774956998;1608509775144294;187296;1608509776593717;1608509776595300;1583;1608509776928332;1608509778642867;1714535;1608509778643601;1608509778647311;3710;1449423;333032;734;3499307;0
[CSV] 38;1608509776599414;1608509776751198;151784;1608509778338454;1608509778341528;3074;1608509778673923;1608509780329325;1655402;1608509780329888;1608509780333556;3668;1587256;332395;563;3578690;0
[CSV] 39;1608509778356262;1608509778544769;188507;1608509780026666;1608509780030322;3656;1608509780362386;1608509781975531;1613145;1608509781976295;1608509781980342;4047;1481897;332064;764;3431526;0
[CSV] 40;1608509780049409;1608509780237286;187877;1608509781675297;1608509781679184;3887;1608509782006601;1608509783617203;1610602;1608509783617774;1608509783621660;3886;1438011;327417;571;3380488;0
[CSV] 41;1608509781691791;1608509781878899;187108;1608509783320237;1608509783323275;3038;1608509783650451;1608509785331967;1681516;1608509785332714;1608509785336435;3721;1441338;327176;747;3453815;0
[CSV] 42;1608509783333468;1608509783521707;188239;1608509785021776;1608509785024875;3099;1608509785363146;1608509787037575;1674429;1608509787038354;1608509787042095;3741;1500069;338271;779;3516647;0
[CSV] 43;1608509785026454;1608509785213306;186852;1608509786733930;1608509786736997;3067;1608509787068569;1608509788707564;1638995;1608509788708390;1608509788712670;4280;1520624;331572;826;3495084;0
[CSV] 44;1608509786768210;1608509786956983;188773;1608509788402237;1608509788405304;3067;1608509788739681;1608509790393411;1653730;1608509790394195;1608509790397941;3746;1445254;334377;784;3437212;0
[CSV] 45;1608509788412103;1608509788599828;187725;1608509790090365;1608509790093541;3176;1608509790424476;1608509792089582;1665106;1608509792090380;1608509792094158;3778;1490537;330935;798;3490552;0
[CSV] 46;1608509790105546;1608509790294036;188490;1608509791794572;1608509791797675;3103;1608509792122678;1608509793776217;1653539;1608509793776917;1608509793780433;3516;1500536;325003;700;3482881;0
[CSV] 47;1608509791798990;1608509791985786;186796;1608509793475481;1608509793478606;3125;1608509793807361;1608509795444009;1636648;1608509795444906;1608509795449606;4700;1489695;328755;897;3459120;0
[CSV] 48;1608509793491406;1608509793679045;187639;1608509795140870;1608509795143974;3104;1608509795473698;1608509797158856;1685158;1608509797159596;1608509797163295;3699;1461825;329724;740;3480551;0
[CSV] 49;1608509795184218;1608509795375004;190786;1608509796845164;1608509796848140;2976;1608509797189900;1608509798773964;1584064;1608509798774723;1608509798778730;4007;1470160;341760;759;3399719;0
[CSV] 50;1608509796880092;1608509797070208;190116;1608509798465598;1608509798468699;3101;1608509798802913;1608509800477429;1674516;1608509800478158;1608509800481851;3693;1395390;334214;729;3407950;0
[CSV] 51;1608509798474915;1608509798663515;188600;1608509800176531;1608509800179603;3072;1608509800508477;1608509802124961;1616484;1608509802125713;1608509802129412;3699;1513016;328874;752;3462198;0
[CSV] 52;1608509800218431;1608509800407849;189418;1608509801821158;1608509801824178;3020;1608509802160073;1608509803825137;1665064;1608509803825465;1608509803827207;1742;1413309;335895;328;3417616;0
[CSV] 53;1608509801862378;1608509802055952;193574;1608509803513380;1608509803516568;3188;1608509803856850;1608509805521947;1665097;1608509805522690;1608509805526394;3704;1457428;340282;743;3466738;0
[CSV] 54;1608509803562432;1608509803746303;183871;1608509805208754;1608509805211812;3058;1608509805553053;1608509807174957;1621904;1608509807175713;1608509807179466;3753;1462451;341241;756;3429410;0
[CSV] 55;1608509805251228;1608509805442522;191294;1608509806867954;1608509806871035;3081;1608509807204000;1608509808812216;1608216;1608509808812918;1608509808816432;3514;1425432;332965;702;3370396;0
[CSV] 56;1608509806897231;1608509807087245;190014;1608509808500986;1608509808504592;3606;1608509808843506;1608509810470730;1627224;1608509810471538;1608509810474989;3451;1413741;338914;808;3384293;0
[CSV] 57;1608509808541833;1608509808730709;188876;1608509810156549;1608509810159880;3331;1608509810501775;1608509812133095;1631320;1608509812133808;1608509812137848;4040;1425840;341895;713;3403099;0
[CSV] 58;1608509810185928;1608509810380431;194503;1608509811833683;1608509811840688;7005;1608509812164359;1608509813775425;1611066;1608509813775985;1608509813779963;3978;1453252;323671;560;3395554;0
[CSV] 59;1608509811835416;1608509812025473;190057;1608509813459709;1608509813462828;3119;1608509813802556;1608509815529651;1727095;1608509815530438;1608509815534195;3757;1434236;339728;787;3504965;0
[CSV] 60;1608509813481085;1608509813669493;188408;1608509815213529;1608509815216750;3221;1608509815556621;1608509817215524;1658903;1608509817216294;1608509817219969;3675;1544036;339871;770;3546801;0
[CSV] 61;1608509815224819;1608509815414006;189187;1608509816911700;1608509816914754;3054;1608509817246652;1608509818845528;1598876;1608509818846352;1608509818850106;3754;1497694;331898;824;3432346;0
[CSV] 62;1608509816920120;1608509817108713;188593;1608509818541880;1608509818545089;3209;1608509818878664;1608509820567848;1689184;1608509820568600;1608509820572370;3770;1433167;333575;752;3459887;0
[CSV] 63;1608509818563234;1608509818751859;188625;1608509820266987;1608509820270229;3242;1608509820598918;1608509822309927;1711009;1608509822310665;1608509822314383;3718;1515128;328689;738;3558806;0
[CSV] 64;1608509820306923;1608509820495646;188723;1608509822007657;1608509822010766;3109;1608509822340924;1608509824025356;1684432;1608509824026134;1608509824029855;3721;1512011;330158;778;3530488;0
[CSV] 65;1608509822050506;1608509822240442;189936;1608509823711647;1608509823714836;3189;1608509824056685;1608509825791595;1734910;1608509825792384;1608509825796108;3724;1471205;341849;789;3551942;0
[CSV] 66;1608509823745110;1608509823933991;188881;1608509825485388;1608509825488406;3018;1608509825820719;1608509827451982;1631263;1608509827452577;1608509827456512;3935;1551397;332313;595;3518586;0
[CSV] 67;1608509825489474;1608509825675155;185681;1608509827154638;1608509827157830;3192;1608509827484056;1608509829269675;1785619;1608509829270466;1608509829274327;3861;1479483;326226;791;3595311;0
[CSV] 68;1608509827181492;1608509827372683;191191;1608509828969539;1608509828972586;3047;1608509829301055;1608509830911193;1610138;1608509830911968;1608509830916732;4764;1596856;328469;775;3539285;0
[CSV] 69;1608509828977894;1608509829167577;189683;1608509830614786;1608509830617833;3047;1608509830943928;1608509832521396;1577468;1608509832521962;1608509832525832;3870;1447209;326095;566;3354385;0
[CSV] 70;1608509830622258;1608509830810068;187810;1608509832219240;1608509832222404;3164;1608509832552644;1608509834140625;1587981;1608509834141433;1608509834145204;3771;1409172;330240;808;3331365;0
[CSV] 71;1608509832265221;1608509832458375;193154;1608509833828168;1608509833831250;3082;1608509834169726;1608509835882529;1712803;1608509835883332;1608509835887697;4365;1369793;338476;803;3424957;0
[CSV] 72;1608509833863358;1608509834051299;187941;1608509835580725;1608509835583904;3179;1608509835919321;1608509837501784;1582463;1608509837502529;1608509837506307;3778;1529426;335417;745;3451230;0
[CSV] 73;1608509835606460;1608509835796774;190314;1608509837193998;1608509837197254;3256;1608509837532769;1608509839223190;1690421;1608509839223748;1608509839227703;3955;1397224;335515;558;3426974;0
[CSV] 74;1608509837201409;1608509837387147;185738;1608509838922105;1608509838925146;3041;1608509839254214;1608509840909078;1654864;1608509840909837;1608509840913826;3989;1534958;329068;759;3522690;0
[CSV] 75;1608509838942188;1608509839130309;188121;1608509840605618;1608509840608710;3092;1608509840944247;1608509842605375;1661128;1608509842605694;1608509842607475;1781;1475309;335537;319;3475385;0
[CSV] 76;1608509840634922;1608509840823485;188563;1608509842296219;1608509842299473;3254;1608509842638845;1608509844239405;1600560;1608509844239952;1608509844243800;3848;1472734;339372;547;3416467;0
[CSV] 77;1608509842328417;1608509842520939;192522;1608509843932288;1608509843935295;3007;1608509844270625;1608509845882603;1611978;1608509845883521;1608509845887527;4006;1411349;335330;918;3362582;0
[CSV] 78;1608509843975491;1608509844166597;191106;1608509845585131;1608509845587511;2380;1608509845913762;1608509847590478;1676716;1608509847591140;1608509847594935;3795;1418534;326251;662;3424543;0
[CSV] 79;1608509845620797;1608509845780674;159877;1608509847289078;1608509847292116;3038;1608509847621746;1608509849229778;1608032;1608509849230371;1608509849234270;3899;1508404;329630;593;3449697;0
[CSV] 80;1608509847285581;1608509847476384;190803;1608509848916502;1608509848920233;3731;1608509849260830;1608509850907168;1646338;1608509850907879;1608509850911491;3612;1440118;340597;711;3431495;0
[CSV] 81;1608509848931517;1608509849119965;188448;1608509850593494;1608509850596568;3074;1608509850938105;1608509852585828;1647723;1608509852586435;1608509852590246;3811;1473529;341537;607;3466470;0
[CSV] 82;1608509850624688;1608509850812433;187745;1608509852290484;1608509852293569;3085;1608509852620996;1608509854259320;1638324;1608509854259864;1608509854263467;3603;1478051;327427;544;3447431;0
[CSV] 83;1608509852317188;1608509852506272;189084;1608509853952626;1608509853955890;3264;1608509854292389;1608509855979422;1687033;1608509855980276;1608509855985004;4728;1446354;336499;854;3474004;0
[CSV] 84;1608509853961219;1608509854150743;189524;1608509855661307;1608509855664515;3208;1608509856006128;1608509857807597;1801469;1608509857808383;1608509857812343;3960;1510564;341613;786;3657640;0
[CSV] 85;1608509855705818;1608509855894141;188323;1608509857492959;1608509857496108;3149;1608509857838456;1608509859568520;1730064;1608509859569259;1608509859573182;3923;1598818;342348;739;3675118;0
[CSV] 86;1608509857499877;1608509857689327;189450;1608509859266520;1608509859269614;3094;1608509859599456;1608509861239512;1640056;1608509861240286;1608509861244158;3872;1577193;329842;774;3550959;0
[CSV] 87;1608509859294666;1608509859488711;194045;1608509860931981;1608509860935227;3246;1608509861270401;1608509862953663;1683262;1608509862954443;1608509862958392;3949;1443270;335174;780;3465732;0
[CSV] 88;1608509860943831;1608509861131923;188092;1608509862642362;1608509862645560;3198;1608509862983891;1608509864716840;1732949;1608509864717605;1608509864721349;3744;1510439;338331;765;3585682;0
[CSV] 89;1608509862687308;1608509862881778;194470;1608509864412294;1608509864415297;3003;1608509864745989;1608509866333319;1587330;1608509866334073;1608509866337429;3356;1530516;330692;754;3452295;0
[CSV] 90;1608509864437155;1608509864625223;188068;1608509866023315;1608509866026295;2980;1608509866364277;1608509867952145;1587868;1608509867952855;1608509867956430;3575;1398092;337982;710;3327632;0
[CSV] 91;1608509866029617;1608509866218356;188739;1608509867639893;1608509867643151;3258;1608509867983073;1608509869596664;1613591;1608509869597457;1608509869601190;3733;1421537;339922;793;3379101;0
[CSV] 92;1608509867673096;1608509867860965;187869;1608509869296920;1608509869300281;3361;1608509869630008;1608509871262112;1632104;1608509871262830;1608509871266424;3594;1435955;329727;718;3401865;0
[CSV] 93;1608509869315805;1608509869504405;188600;1608509870961439;1608509870964531;3092;1608509871293118;1608509872977653;1684535;1608509872978470;1608509872982385;3915;1457034;328587;817;3474065;0
[CSV] 94;1608509871011267;1608509871200495;189228;1608509872663754;1608509872666795;3041;1608509873004764;1608509874600301;1595537;1608509874601005;1608509874604563;3558;1463259;337969;704;3400510;0
[CSV] 95;1608509872706126;1608509872899487;193361;1608509874302849;1608509874309332;6483;1608509874631416;1608509876304075;1672659;1608509876304786;1608509876308545;3759;1403362;322084;711;3405299;0
[CSV] 96;1608509874304196;1608509874493502;189306;1608509876002305;1608509876005369;3064;1608509876337097;1608509878021196;1684099;1608509878021881;1608509878025339;3458;1508803;331728;685;3528379;0
[CSV] 97;1608509876052095;1608509876242824;190729;1608509877707384;1608509877710502;3118;1608509878054358;1608509879753370;1699012;1608509879753935;1608509879757819;3884;1464560;343856;565;3511111;0
[CSV] 98;1608509877747522;1608509877938192;190670;1608509879442564;1608509879449355;6791;1608509879786432;1608509881515329;1728897;1608509881516071;1608509881519692;3621;1504372;337077;742;3577879;0
[CSV] 99;1608509879443721;1608509879633341;189620;1608509881214130;1608509881217614;3484;1608509881548304;1608509883132674;1584370;1608509883133464;1608509883137442;3978;1580789;330690;790;3500123;0
[CSV] 100;1608509881238331;1608509881432189;193858;1608509882822917;1608509882826295;3378;1608509883161555;1608509884860388;1698833;1608509884860946;1608509884864865;3919;1390728;335260;558;3428757;0
[CSV] 101;1608509882837308;1608509883026173;188865;1608509884552993;1608509884556265;3272;1608509884891468;1608509886669572;1778104;1608509886670382;1608509886674753;4371;1526820;335203;810;3644209;0
[CSV] 102;1608509884582222;1608509884772413;190191;1608509886356008;1608509886359072;3064;1608509886702286;1608509888294162;1591876;1608509888294721;1608509888298617;3896;1583595;343214;559;3522308;0
[CSV] 103;1608509886377887;1608509886568562;190675;1608509887995732;1608509887998984;3252;1608509888327316;1608509889911644;1584328;1608509889912525;1608509889916927;4402;1427170;328332;881;3343963;0
[CSV] 104;1608509888023239;1608509888214197;190958;1608509889601735;1608509889604857;3122;1608509889942624;1608509891638612;1695988;1608509891639417;1608509891642831;3414;1387538;337767;805;3425220;0
[CSV] 105;1608509889618533;1608509889806790;188257;1608509891331754;1608509891334857;3103;1608509891665602;1608509893352925;1687323;1608509893353509;1608509893357356;3847;1524964;330745;584;3546719;0
[CSV] 106;1608509891361692;1608509891549753;188061;1608509893038505;1608509893041531;3026;1608509893384134;1608509895045206;1661072;1608509895045693;1608509895048782;3089;1488752;342603;487;3495940;0
[CSV] 107;1608509893054510;1608509893241752;187242;1608509894734793;1608509894738000;3207;1608509895076620;1608509896743603;1666983;1608509896744448;1608509896749306;4858;1493041;338620;845;3502696;0
[CSV] 108;1608509894746556;1608509894935807;189251;1608509896427392;1608509896430464;3072;1608509896770278;1608509898443561;1673283;1608509898444322;1608509898447980;3658;1491585;339814;761;3508515;0
[CSV] 109;1608509896441633;1608509896630350;188717;1608509898142751;1608509898145849;3098;1608509898475674;1608509900163537;1687863;1608509900164342;1608509900168116;3774;1512401;329825;805;3533992;0
[CSV] 110;1608509898185215;1608509898375203;189988;1608509899865730;1608509899868961;3231;1608509900194606;1608509901912161;1717555;1608509901912715;1608509901916576;3861;1490527;325645;554;3537512;0
[CSV] 111;1608509899879786;1608509900067784;187998;1608509901602621;1608509901605752;3131;1608509901943065;1608509903659454;1716389;1608509903660198;1608509903664123;3925;1534837;337313;744;3592414;0
[CSV] 112;1608509901622737;1608509901811947;189210;1608509903351767;1608509903354978;3211;1608509903694383;1608509905304905;1610522;1608509905305681;1608509905309634;3953;1539820;339405;776;3493734;0
[CSV] 113;1608509903366880;1608509903555663;188783;1608509905005416;1608509905006996;1580;1608509905337839;1608509907094614;1756775;1608509907095414;1608509907099199;3785;1449753;330843;800;3539751;0
[CSV] 114;1608509905009892;1608509905195938;186046;1608509906784128;1608509906787132;3004;1608509907121646;1608509908728879;1607233;1608509908729477;1608509908733303;3826;1588190;334514;598;3533539;0
[CSV] 115;1608509906801005;1608509906987679;186674;1608509908419482;1608509908422553;3071;1608509908761930;1608509910387264;1625334;1608509910387819;1608509910391378;3559;1431803;339377;555;3400140;0
[CSV] 116;1608509908442232;1608509908629741;187509;1608509910073810;1608509910076901;3091;1608509910418517;1608509912065764;1647247;1608509912066399;1608509912070255;3856;1444069;341616;635;3436658;0
[CSV] 117;1608509910084255;1608509910271515;187260;1608509911751561;1608509911754634;3073;1608509912096935;1608509913781829;1684894;1608509913782424;1608509913786284;3860;1480046;342301;595;3510909;0
[CSV] 118;1608509911776367;1608509911966407;190040;1608509913466819;1608509913469852;3033;1608509913812884;1608509915388347;1575463;1608509915388913;1608509915392789;3876;1500412;343032;566;3422506;0
[CSV] 119;1608509913471232;1608509913657846;186614;1608509915085294;1608509915086892;1598;1608509915419373;1608509917026488;1607115;1608509917027263;1608509917030933;3670;1427448;332481;775;3369417;0
[CSV] 120;1608509915112597;1608509915267389;154792;1608509916713279;1608509916716328;3049;1608509917057560;1608509918716869;1659309;1608509918717620;1608509918721427;3807;1445890;341232;751;3450231;0
[CSV] 121;1608509916722183;1608509916912331;190148;1608509918408534;1608509918411911;3377;1608509918747954;1608509920381001;1633047;1608509920381756;1608509920385528;3772;1496203;336043;755;3469425;0
[CSV] 122;1608509918417325;1608509918610254;192929;1608509920079682;1608509920083077;3395;1608509920412074;1608509922167005;1754931;1608509922167771;1608509922171522;3751;1469428;328997;766;3557517;0
[CSV] 123;1608509920115308;1608509920308917;193609;1608509921858800;1608509921862103;3303;1608509922200088;1608509923874753;1674665;1608509923875137;1608509923876857;1720;1549883;337985;384;3566220;0
[CSV] 124;1608509921864165;1608509922056071;191906;1608509923571068;1608509923572594;1526;1608509923906654;1608509925562671;1656017;1608509925563476;1608509925567455;3979;1514997;334060;805;3507405;0
[CSV] 125;1608509923611611;1608509923771642;160031;1608509925256829;1608509925258410;1581;1608509925589446;1608509927308435;1718989;1608509927309243;1608509927313188;3945;1485187;331036;808;3537601;0
[CSV] 126;1608509925275133;1608509925427073;151940;1608509926999879;1608509927003006;3127;1608509927339523;1608509929066309;1726786;1608509929067095;1608509929070575;3480;1572806;336517;786;3640022;0
[CSV] 127;1608509927032223;1608509927220842;188619;1608509928766573;1608509928769644;3071;1608509929097470;1608509930751816;1654346;1608509930752659;1608509930756680;4021;1545731;327826;843;3531817;0
[CSV] 128;1608509928775726;1608509928962136;186410;1608509930449129;1608509930452130;3001;1608509930783073;1608509932354109;1571036;1608509932354674;1608509932358584;3910;1486993;330943;565;3392538;0
[CSV] 129;1608509930466960;1608509930654534;187574;1608509932057302;1608509932063568;6266;1608509932387218;1608509934021725;1634507;1608509934022542;1608509934026273;3731;1402768;323650;817;3368008;0
[CSV] 130;1608509932059275;1608509932250033;190758;1608509933719504;1608509933722641;3137;1608509934053072;1608509935624458;1571386;1608509935625096;1608509935628914;3818;1469471;330431;638;3375063;0
[CSV] 131;1608509933754790;1608509933942960;188170;1608509935307274;1608509935310344;3070;1608509935649473;1608509937377332;1727859;1608509937378090;1608509937381467;3377;1364314;339129;758;3435130;0
[CSV] 132;1608509935347312;1608509935536312;189000;1608509937061679;1608509937064754;3075;1608509937406297;1608509939019160;1612863;1608509939019492;1608509939021257;1765;1525367;341543;332;3483180;0
[CSV] 133;1608509937091409;1608509937282303;190894;1608509938702290;1608509938705321;3031;1608509939044803;1608509940697287;1652484;1608509940697842;1608509940701772;3930;1419987;339482;555;3415539;0
[CSV] 134;1608509938736998;1608509938927445;190447;1608509940381463;1608509940387919;6456;1608509940727519;1608509942401444;1673925;1608509942402003;1608509942405875;3872;1454018;339600;559;3474558;0
[CSV] 135;1608509940381998;1608509940573697;191699;1608509942098188;1608509942101172;2984;1608509942434627;1608509944049718;1615091;1608509944050362;1608509944054215;3853;1524491;333455;644;3476665;0
[CSV] 136;1608509942128692;1608509942316798;188106;1608509943746761;1608509943750420;3659;1608509944080877;1608509945769749;1688872;1608509945770544;1608509945774327;3783;1429963;330457;795;3453746;0
[CSV] 137;1608509943771431;1608509943959859;188428;1608509945469599;1608509945472661;3062;1608509945800741;1608509947432320;1631579;1608509947433073;1608509947436691;3618;1509740;328080;753;3473214;0
[CSV] 138;1608509945514649;1608509945704599;189950;1608509947132685;1608509947135783;3098;1608509947463546;1608509949123389;1659843;1608509949123961;1608509949127860;3899;1428086;327763;572;3419362;0
[CSV] 139;1608509947159123;1608509947347995;188872;1608509948814358;1608509948817388;3030;1608509949154407;1608509950821274;1666867;1608509950821609;1608509950823402;1793;1466363;337019;335;3473614;0
[CSV] 140;1608509948853270;1608509949042705;189435;1608509950524176;1608509950527763;3587;1608509950857028;1608509952478641;1621613;1608509952479403;1608509952482837;3434;1481471;329265;762;3436698;0
[CSV] 141;1608509950547933;1608509950738352;190419;1608509952168583;1608509952171667;3084;1608509952515746;1608509954175699;1659953;1608509954176494;1608509954180212;3718;1430231;344079;795;3438142;0
[CSV] 142;1608509952193140;1608509952381195;188055;1608509953865978;1608509953869318;3340;1608509954208139;1608509955882654;1674515;1608509955883395;1608509955887081;3686;1484783;338821;741;3502200;0
[CSV] 143;1608509953886254;1608509954074808;188554;1608509955577203;1608509955583624;6421;1608509955913704;1608509957521483;1607779;1608509957522298;1608509957525983;3685;1502395;330080;815;3447490;0
[CSV] 144;1608509955579923;1608509955768098;188175;1608509957207927;1608509957211075;3148;1608509957554796;1608509959159394;1604598;1608509959159952;1608509959163900;3948;1439829;343721;558;3391854;0
[CSV] 145;1608509957222722;1608509957412697;189975;1608509958846838;1608509958849942;3104;1608509959192739;1608509960860589;1667850;1608509960861399;1608509960865144;3745;1434141;342797;810;3448702;0
[CSV] 146;1608509958867408;1608509959056621;189213;1608509960561547;1608509960568561;7014;1608509960893757;1608509962540409;1646652;1608509962541180;1608509962544857;3677;1504926;325196;771;3484559;0
[CSV] 147;1608509960562396;1608509960752121;189725;1608509962225743;1608509962228787;3044;1608509962569309;1608509964176668;1607359;1608509964177308;1608509964181163;3855;1473622;340522;640;3425187;0
[CSV] 148;1608509962256957;1608509962444494;187537;1608509963864437;1608509963867574;3137;1608509964205833;1608509965929535;1723702;1608509965930359;1608509965934127;3768;1419943;338259;824;3485865;0
[CSV] 149;1608509963899571;1608509964089450;189879;1608509965614708;1608509965617814;3106;1608509965958825;1608509967620689;1661864;1608509967621455;1608509967625159;3704;1525258;341011;766;3532005;0
[CSV] 150;1608509965644442;1608509965835997;191555;1608509967311218;1608509967314777;3559;1608509967653861;1608509969292713;1638852;1608509969293517;1608509969297493;3976;1475221;339084;804;3457520;0
[CSV] 151;1608509967341290;1608509967530089;188799;1608509968984725;1608509968991901;7176;1608509969323894;1608509971007991;1684097;1608509971008794;1608509971012531;3737;1454636;331993;803;3478705;0
[CSV] 152;1608509968985310;1608509969176223;190913;1608509970693615;1608509970696675;3060;1608509971038853;1608509972673865;1635012;1608509972674614;1608509972678347;3733;1517392;342178;749;3498391;0
[CSV] 153;1608509970731155;1608509970923547;192392;1608509972371683;1608509972374789;3106;1608509972705074;1608509974387131;1682057;1608509974387861;1608509974392590;4729;1448136;330285;730;3464314;0
[CSV] 154;1608509972378330;1608509972567188;188858;1608509974074779;1608509974077839;3060;1608509974414086;1608509976033497;1619411;1608509976034303;1608509976038366;4063;1507591;336247;806;3467115;0
[CSV] 155;1608509974124432;1608509974313428;188996;1608509975728587;1608509975731660;3073;1608509976064645;1608509977708203;1643558;1608509977708912;1608509977712404;3492;1415159;332985;709;3395484;0
[CSV] 156;1608509975768675;1608509975959788;191113;1608509977396488;1608509977399520;3032;1608509977738206;1608509979324096;1585890;1608509979324651;1608509979328546;3895;1436700;338686;555;3364863;0
[CSV] 157;1608509977414516;1608509977604311;189795;1608509979015404;1608509979018498;3094;1608509979355146;1608509980985754;1630608;1608509980986550;1608509980990515;3965;1411093;336648;796;3382239;0
[CSV] 158;1608509979059427;1608509979247221;187794;1608509980686416;1608509980689593;3177;1608509981018846;1608509982759759;1740913;1608509982760652;1608509982765368;4716;1439195;329253;893;3513431;0
[CSV] 159;1608509980702123;1608509980891941;189818;1608509982444684;1608509982451525;6841;1608509982790511;1608509984447218;1656707;1608509984447924;1608509984451358;3434;1552743;338986;706;3555983;0
[CSV] 160;1608509982447566;1608509982635119;187553;1608509984142621;1608509984145842;3221;1608509984478224;1608509986057488;1579264;1608509986058249;1608509986061905;3656;1507502;332382;761;3423130;0
[CSV] 161;1608509984192440;1608509984389399;196959;1608509985752609;1608509985755740;3131;1608509986090638;1608509987749650;1659012;1608509987750449;1608509987754230;3781;1363210;334898;799;3361050;0
[CSV] 162;1608509985794273;1608509985983923;189650;1608509987440655;1608509987443769;3114;1608509987782858;1608509989450073;1667215;1608509989450633;1608509989454581;3948;1456732;339089;560;3466710;0
[CSV] 163;1608509987490439;1608509987681907;191468;1608509989152299;1608509989155309;3010;1608509989480096;1608509991124748;1644652;1608509991125544;1608509991129261;3717;1470392;324787;796;3443637;0
[CSV] 164;1608509989186773;1608509989376960;190187;1608509990812877;1608509990815921;3044;1608509991157824;1608509992728695;1570871;1608509992729350;1608509992733219;3869;1435917;341903;655;3352390;0
[CSV] 165;1608509990831788;1608509991020169;188381;1608509992430597;1608509992433712;3115;1608509992759987;1608509994410524;1650537;1608509994411528;1608509994415313;3785;1410428;326275;1004;3391359;0
[CSV] 166;1608509992474855;1608509992666898;192043;1608509994110687;1608509994113986;3299;1608509994441457;1608509996028064;1586607;1608509996028630;1608509996032539;3909;1443789;327471;566;3361732;0
[CSV] 167;1608509994121951;1608509994311812;189861;1608509995715562;1608509995722337;6775;1608509996057145;1608509997747128;1689983;1608509997747837;1608509997751643;3806;1403750;334808;709;3436025;0
[CSV] 168;1608509995716687;1608509995909209;192522;1608509997446411;1608509997449424;3013;1608509997778099;1608509999360978;1582879;1608509999361735;1608509999365643;3908;1537202;328675;757;3452526;0
[CSV] 169;1608509997464801;1608509997652013;187212;1608509999052551;1608509999055729;3178;1608509999394219;1608510001009647;1615428;1608510001010445;1608510001014183;3738;1400538;338490;798;3358432;0
[CSV] 170;1608509999057221;1608509999244583;187362;1608510000705787;1608510000708877;3090;1608510001036664;1608510002621221;1584557;1608510002621950;1608510002625418;3468;1461204;327787;729;3377367;0
[CSV] 171;1608510000749837;1608510000939584;189747;1608510002312623;1608510002316054;3431;1608510002650217;1608510004347126;1696909;1608510004347924;1608510004352379;4455;1373039;334163;798;3408340;0
[CSV] 172;1608510002344195;1608510002532450;188255;1608510004041913;1608510004045581;3668;1608510004378148;1608510006045575;1667427;1608510006046390;1608510006050176;3786;1509463;332567;815;3513940;0
[CSV] 173;1608510004087427;1608510004282043;194616;1608510005746939;1608510005750136;3197;1608510006078653;1608510007813508;1734855;1608510007814324;1608510007817995;3671;1464896;328517;816;3532281;0
[CSV] 174;1608510005786968;1608510005978459;191491;1608510007505608;1608510007509056;3448;1608510007846587;1608510009514168;1667581;1608510009514878;1608510009518324;3446;1527149;337531;710;3536419;0
[CSV] 175;1608510007533631;1608510007725527;191896;1608510009214410;1608510009217503;3093;1608510009545181;1608510011249811;1704630;1608510011250567;1608510011254500;3933;1488883;327678;756;3525040;0
[CSV] 176;1608510009230265;1608510009419747;189482;1608510010952249;1608510010955365;3116;1608510011280727;1608510012868174;1587447;1608510012868632;1608510012871740;3108;1532502;325362;458;3448885;0
[CSV] 177;1608510010975533;1608510011165550;190017;1608510012555152;1608510012559750;4598;1608510012899499;1608510014499962;1600463;1608510014500706;1608510014504444;3738;1389602;339749;744;3335156;0
[CSV] 178;1608510012570628;1608510012765265;194637;1608510014192636;1608510014196242;3606;1608510014531358;1608510016122451;1591093;1608510016123008;1608510016126940;3932;1427371;335116;557;3357743;0
[CSV] 179;1608510014219678;1608510014407330;187652;1608510015825602;1608510015828746;3144;1608510016153497;1608510017836687;1683190;1608510017837475;1608510017841231;3756;1418272;324751;788;3430145;0
[CSV] 180;1608510015862253;1608510016052607;190354;1608510017522812;1608510017525862;3050;1608510017863686;1608510019455624;1591938;1608510019456424;1608510019460174;3750;1470205;337824;800;3403817;0
[CSV] 181;1608510017557724;1608510017745749;188025;1608510019142188;1608510019145249;3061;1608510019489733;1608510021116345;1626612;1608510021117114;1608510021120494;3380;1396439;344484;769;3371365;0
[CSV] 182;1608510019150297;1608510019336877;186580;1608510020801354;1608510020804410;3056;1608510021149341;1608510022838348;1689007;1608510022839116;1608510022842735;3619;1464477;344931;768;3502239;0
[CSV] 183;1608510020841596;1608510021030133;188537;1608510022537839;1608510022541056;3217;1608510022869482;1608510024475724;1606242;1608510024476582;1608510024481006;4424;1507706;328426;858;3446449;0
[CSV] 184;1608510022585292;1608510022774700;189408;1608510024162708;1608510024165834;3126;1608510024506698;1608510026183999;1677301;1608510026184805;1608510026188763;3958;1388008;340864;806;3410105;0
[CSV] 185;1608510024179232;1608510024368321;189089;1608510025875540;1608510025878644;3104;1608510026217313;1608510027913589;1696276;1608510027914384;1608510027918272;3888;1507219;338669;795;3546063;0
[CSV] 186;1608510025925273;1608510026113958;188685;1608510027603939;1608510027607045;3106;1608510027944346;1608510029582574;1638228;1608510029583450;1608510029586974;3524;1489981;337301;876;3469492;0
[CSV] 187;1608510027618617;1608510027806418;187801;1608510029274478;1608510029277628;3150;1608510029613644;1608510031308366;1694722;1608510031309114;1608510031312683;3569;1468060;336016;748;3502696;0
[CSV] 188;1608510029311242;1608510029500433;189191;1608510031001801;1608510031004888;3087;1608510031341347;1608510032993354;1652007;1608510032993913;1608510032997855;3942;1501368;336459;559;3493480;0
[CSV] 189;1608510031005413;1608510031192594;187181;1608510032689504;1608510032692595;3091;1608510033024507;1608510034641242;1616735;1608510034641956;1608510034645412;3456;1496910;331912;714;3449362;0
[CSV] 190;1608510032697892;1608510032886557;188665;1608510034336552;1608510034339650;3098;1608510034668462;1608510036274363;1605901;1608510036275135;1608510036279049;3914;1449995;328812;772;3388578;0
[CSV] 191;1608510034341412;1608510034531300;189888;1608510035962715;1608510035966548;3833;1608510036303432;1608510037941420;1637988;1608510037942209;1608510037946101;3892;1431415;336884;789;3410909;0
[CSV] 192;1608510035986098;1608510036175245;189147;1608510037633295;1608510037636882;3587;1608510037973772;1608510039598849;1625077;1608510039599445;1608510039603106;3661;1458050;336890;596;3424200;0
[CSV] 193;1608510037680206;1608510037871775;191569;1608510131097926;1608510131104593;6667;1608510131135129;1608510132845701;1710572;1608510132846479;1608510132850468;3989;93226151;30536;778;94974704;0
[CSV] 194;1608510131147574;1608510131334848;187274;1608510132542335;1608510132545347;3012;1608510132876722;1608510134472384;1595662;1608510134472849;1608510134476129;3280;1207487;331375;465;3138001;0
[CSV] 195;1608510132591973;1608510132782213;190240;1608510134169586;1608510134173339;3753;1608510134503743;1608510136122591;1618848;1608510136123498;1608510136127920;4422;1387373;330404;907;3341285;0
[CSV] 196;1608510134187340;1608510134381956;194616;1608510135815689;1608510135818809;3120;1608510136157085;1608510137822266;1665181;1608510137822975;1608510137826555;3580;1433733;338276;709;3441019;0
[CSV] 197;1608510135836712;1608510136026211;189499;1608510137522623;1608510137525710;3087;1608510137857294;1608510139490999;1633705;1608510139491591;1608510139495437;3846;1496412;331584;592;3465380;0
[CSV] 198;1608510137531427;1608510137720565;189138;1608510139185986;1608510139189094;3108;1608510139524499;1608510141173123;1648624;1608510141173866;1608510141177649;3783;1465421;335405;743;3453301;0
[CSV] 199;1608510139225395;1608510139415951;190556;1608510140871639;1608510140874729;3090;1608510141204431;1608510142911214;1706783;1608510142911958;1608510142915540;3582;1455688;329702;744;3496007;0
[CSV] 200;1608510140920720;1608510141112679;191959;1608510142609999;1608510142613170;3171;1608510142942377;1608510144679882;1737505;1608510144680790;1608510144685480;4690;1497320;329207;908;3568111;0
[CSV] 201;1608510142617561;1608510142806970;189409;1608510144368118;1608510144371770;3652;1608510144708460;1608510146400971;1692511;1608510146401573;1608510146405428;3855;1561148;336690;602;3594603;0
[CSV] 202;1608510144412879;1608510144610800;197921;1608510146098343;1608510146101468;3125;1608510146432421;1608510148053139;1620718;1608510148053695;1608510148057584;3889;1487543;330953;556;3442895;0
[CSV] 203;1608510146115570;1608510146308686;193116;1608510147743680;1608510147746788;3108;1608510148086387;1608510149741105;1654718;1608510149741825;1608510149745492;3667;1434994;339599;720;3433139;0
[CSV] 204;1608510147763509;1608510147954143;190634;1608510149434232;1608510149437625;3393;1608510149773972;1608510151390717;1616745;1608510151391577;1608510151396344;4767;1480089;336347;860;3437434;0
[CSV] 205;1608510149458803;1608510149645375;186572;1608510151085666;1608510151089398;3732;1608510151421360;1608510153019720;1598360;1608510153020489;1608510153024235;3746;1440291;331962;769;3375114;0
[CSV] 206;1608510151099901;1608510151293452;193551;1608510152714557;1608510152717657;3100;1608510153050776;1608510154674914;1624138;1608510154675663;1608510154679394;3731;1421105;333119;749;3382211;0
[CSV] 207;1608510152749604;1608510152938794;189190;1608510154362564;1608510154365658;3094;1608510154707968;1608510156363228;1655260;1608510156363933;1608510156367512;3579;1423770;342310;705;3425139;0
[CSV] 208;1608510154394579;1608510154583263;188684;1608510156056545;1608510156059615;3070;1608510156394460;1608510158043976;1649516;1608510158044579;1608510158048423;3844;1473282;334845;603;3461316;0
[CSV] 209;1608510156088917;1608510156278508;189591;1608510157743487;1608510157746553;3066;1608510158075438;1608510159718804;1643366;1608510159719395;1608510159723002;3607;1464979;328885;591;3440887;0
[CSV] 210;1608510157783224;1608510157971999;188775;1608510159405145;1608510159408884;3739;1608510159751964;1608510161378549;1626585;1608510161379369;1608510161383294;3925;1433146;343080;820;3407370;0
[CSV] 211;1608510159426662;1608510159614893;188231;1608510161062643;1608510161065749;3106;1608510161407647;1608510163076580;1668933;1608510163077365;1608510163081006;3641;1447750;341898;785;3462472;0
[CSV] 212;1608510161069728;1608510161258250;188522;1608510162778648;1608510162782328;3680;1608510163109700;1608510164714185;1604485;1608510164714929;1608510164718444;3515;1520398;327372;744;3456679;0
[CSV] 213;1608510162813321;1608510163001666;188345;1608510164400695;1608510164403800;3105;1608510164749168;1608510166366840;1617672;1608510166367552;1608510166371336;3784;1399029;345368;712;3365886;0
[CSV] 214;1608510164406096;1608510164593557;187461;1608510166059755;1608510166064048;4293;1608510166397922;1608510168031315;1633393;1608510168031898;1608510168035759;3861;1466198;333874;583;3438341;0
[CSV] 215;1608510166098358;1608510166286720;188362;1608510167728736;1608510167731809;3073;1608510168062486;1608510169695702;1633216;1608510169696557;1608510169700809;4252;1442016;330677;855;3409837;0
[CSV] 216;1608510167741553;1608510167930789;189236;1608510169392174;1608510169395375;3201;1608510169728593;1608510171403356;1674763;1608510171404123;1608510171407764;3641;1461385;333218;767;3473334;0
[CSV] 217;1608510169435581;1608510169628145;192564;1608510171096863;1608510171100232;3369;1608510171436627;1608510173038301;1601674;1608510173039187;1608510173043546;4359;1468718;336395;886;3411042;0
[CSV] 218;1608510171133545;1608510171323709;190164;1608510172728220;1608510172734898;6678;1608510173069093;1608510174761747;1692654;1608510174762373;1608510174766273;3900;1404511;334195;626;3438664;0
[CSV] 219;1608510172728816;1608510172921502;192686;1608510174455590;1608510174458709;3119;1608510174792850;1608510176467365;1674515;1608510176468152;1608510176471784;3632;1534088;334141;787;3546650;0
[CSV] 220;1608510174477146;1608510174665553;188407;1608510176162499;1608510176166106;3607;1608510176498617;1608510178159563;1660946;1608510178160327;1608510178163988;3661;1496946;332511;764;3494774;0
[CSV] 221;1608510176171156;1608510176359964;188808;1608510177847951;1608510177851063;3112;1608510178190605;1608510179856458;1665853;1608510179857236;1608510179860898;3662;1487987;339542;778;3497272;0
[CSV] 222;1608510177865102;1608510178055095;189993;1608510179539155;1608510179542132;2977;1608510179887605;1608510181460300;1572695;1608510181460854;1608510181464819;3965;1484060;345473;554;3405759;0
[CSV] 223;1608510179560260;1608510179751257;190997;1608510181160174;1608510181163209;3035;1608510181495755;1608510183140112;1644357;1608510183140854;1608510183144623;3769;1408917;332546;742;3389597;0
[CSV] 224;1608510181205689;1608510181399560;193871;1608510182825472;1608510182828541;3069;1608510183171203;1608510184755400;1584197;1608510184755966;1608510184759834;3868;1425912;342662;566;3356406;0
[CSV] 225;1608510182854259;1608510183044398;190139;1608510184443175;1608510184446243;3068;1608510184786747;1608510186457519;1670772;1608510186458193;1608510186461937;3744;1398777;340504;674;3413795;0
[CSV] 226;1608510184448971;1608510184635788;186817;1608510186154633;1608510186157904;3271;1608510186487672;1608510188118449;1630777;1608510188119274;1608510188122680;3406;1518845;329768;825;3483486;0
[CSV] 227;1608510186191249;1608510186382478;191229;1608510187818186;1608510187821311;3125;1608510188149868;1608510189769536;1619668;1608510189770329;1608510189774118;3789;1435708;328557;793;3387851;0
[CSV] 228;1608510187837484;1608510188026043;188559;1608510189459387;1608510189462562;3175;1608510189802634;1608510191451544;1648910;1608510191452382;1608510191456263;3881;1433344;340072;838;3426339;0
[CSV] 229;1608510189480496;1608510189670480;189984;1608510191150664;1608510191153772;3108;1608510191482641;1608510193168976;1686335;1608510193169716;1608510193173445;3729;1480184;328869;740;3499236;0
[CSV] 230;1608510191175939;1608510191366086;190147;1608510192848609;1608510192850187;1578;1608510193200052;1608510194874507;1674455;1608510194875309;1608510194879255;3946;1482523;349865;802;3509223;0
[CSV] 231;1608510192870463;1608510193060647;190184;1608510194570319;1608510194577439;7120;1608510194905773;1608510196468671;1562898;1608510196469444;1608510196473745;4301;1509672;328334;773;3408797;0
[CSV] 232;1608510194566635;1608510194757657;191022;1608510196158883;1608510196161983;3100;1608510196501805;1608510198104735;1602930;1608510198105597;1608510198110433;4836;1401226;339822;862;3347940;0
[CSV] 233;1608510196162521;1608510196350378;187857;1608510197791974;1608510197795035;3061;1608510198137733;1608510199717783;1580050;1608510199718711;1608510199723663;4952;1441596;342698;928;3368333;0
[CSV] 234;1608510197805320;1608510197992411;187091;1608510199408716;1608510199411798;3082;1608510199748525;1608510201412476;1663951;1608510201413253;1608510201416622;3369;1416305;336727;777;3420842;0
[CSV] 235;1608510199447256;1608510199637417;190161;1608510201097500;1608510201100568;3068;1608510201441309;1608510203029727;1588418;1608510203030512;1608510203034448;3936;1460083;340741;785;3393095;0
[CSV] 236;1608510201143225;1608510201337619;194394;1608510202714533;1608510202717643;3110;1608510203060946;1608510204743351;1682405;1608510204744112;1608510204748000;3888;1376914;343303;761;3406493;0
[CSV] 237;1608510202742616;1608510202932676;190060;1608510204428005;1608510204431132;3127;1608510204774233;1608510206436967;1662734;1608510206437738;1608510206441452;3714;1495329;343101;771;3505062;0
[CSV] 238;1608510204437446;1608510204625146;187700;1608510206123332;1608510206126365;3033;1608510206468103;1608510208081933;1613830;1608510208082784;1608510208087437;4653;1498186;341738;851;3457638;0
[CSV] 239;1608510206130729;1608510206322509;191780;1608510207779242;1608510207782290;3048;1608510208108925;1608510209795762;1686837;1608510209796563;1608510209800284;3721;1456733;326635;801;3474054;0
[CSV] 240;1608510207828293;1608510208017404;189111;1608510209479325;1608510209482464;3139;1608510209828974;1608510211499713;1670739;1608510211500518;1608510211504254;3736;1461921;346510;805;3483114;0
[CSV] 241;1608510209522215;1608510209711199;188984;1608510211196163;1608510211199221;3058;1608510211531105;1608510213215176;1684071;1608510213215883;1608510213219343;3460;1484964;331884;707;3504684;0
[CSV] 242;1608510211216180;1608510211403997;187817;1608510212898481;1608510212901512;3031;1608510213248278;1608510214844072;1595794;1608510214844787;1608510214848575;3788;1494484;346766;715;3440790;0
[CSV] 243;1608510212908651;1608510213097546;188895;1608510214539338;1608510214542546;3208;1608510214874984;1608510216470908;1595924;1608510216471513;1608510216475420;3907;1441792;332438;605;3373967;0
[CSV] 244;1608510214552461;1608510214741776;189315;1608510216165888;1608510216168952;3064;1608510216502066;1608510218104836;1602770;1608510218105613;1608510218109493;3880;1424112;333114;777;3363837;0
[CSV] 245;1608510216196214;1608510216385800;189586;1608510217793647;1608510217797310;3663;1608510218136136;1608510219807808;1671672;1608510219808609;1608510219812579;3970;1407847;338826;801;3422809;0
[CSV] 246;1608510217843268;1608510218031250;187982;1608510219503640;1608510219506699;3059;1608510219840928;1608510221451351;1610423;1608510221451920;1608510221455867;3947;1472390;334229;569;3420670;0
[CSV] 247;1608510219535940;1608510219725755;189815;1608510221152158;1608510221155224;3066;1608510221482455;1608510223086629;1604174;1608510223087388;1608510223091119;3731;1426403;327231;759;3361633;0
[CSV] 248;1608510221181248;1608510221370987;189739;1608510222775298;1608510222782073;6775;1608510223119987;1608510224700170;1580183;1608510224700890;1608510224704569;3679;1404311;337914;720;3329903;0
[CSV] 249;1608510222775614;1608510222966681;191067;1608510224391566;1608510224394737;3171;1608510224732098;1608510226449456;1717358;1608510226450219;1608510226454128;3909;1424885;337361;763;3483538;0
[CSV] 250;1608510224421808;1608510224611080;189272;1608510226137413;1608510226140579;3166;1608510226478301;1608510228123012;1644711;1608510228123753;1608510228127441;3688;1526333;337722;741;3512673;0
[CSV] 251;1608510226166117;1608510226354865;188748;1608510227810226;1608510227813353;3127;1608510228156123;1608510229737359;1581236;1608510229737719;1608510229739531;1812;1455361;342770;360;3382854;0
[CSV] 252;1608510227859750;1608510228053380;193630;1608510229427847;1608510229431222;3375;1608510229769189;1608510231461195;1692006;1608510231461913;1608510231465768;3855;1374467;337967;718;3408533;0
[CSV] 253;1608510229458080;1608510229647441;189361;1608510231155288;1608510231158404;3116;1608510231494259;1608510233145010;1650751;1608510233145774;1608510233149533;3759;1507847;335855;764;3498333;0
[CSV] 254;1608510231204963;1608510231393706;188743;1608510232841578;1608510232843985;2407;1608510233176320;1608510234844132;1667812;1608510234844826;1608510234848625;3799;1447872;332335;694;3451120;0
[CSV] 255;1608510232848234;1608510233027150;178916;1608510234525753;1608510234528834;3081;1608510234875156;1608510236512202;1637046;1608510236512924;1608510236516469;3545;1498603;346322;722;3485774;0
[CSV] 256;1608510234531962;1608510234721095;189133;1608510236204257;1608510236207269;3012;1608510236537003;1608510238150812;1613809;1608510238151578;1608510238155549;3971;1483162;329734;766;3430483;0
[CSV] 257;1608510236226219;1608510236416680;190461;1608510237851911;1608510237855091;3180;1608510238184296;1608510239879058;1694762;1608510239879773;1608510239883392;3619;1435231;329205;715;3463093;0
[CSV] 258;1608510237871660;1608510238060315;188655;1608510239570580;1608510239573664;3084;1608510239907833;1608510241554264;1646431;1608510241554767;1608510241558261;3494;1510265;334169;503;3494452;0
[CSV] 259;1608510239615132;1608510239804039;188907;1608510241240323;1608510241243358;3035;1608510241585510;1608510243208232;1622722;1608510243208852;1608510243212661;3809;1436284;342152;620;3404813;0
[CSV] 260;1608510241258517;1608510241447418;188901;1608510242895975;1608510242899115;3140;1608510243238231;1608510244945692;1707461;1608510244946444;1608510244950181;3737;1448557;339116;752;3499026;0
[CSV] 261;1608510242902000;1608510243090051;188051;1608510244644113;1608510244650700;6587;1608510244975712;1608510246612315;1636603;1608510246612857;1608510246616775;3918;1554062;325012;542;3522806;0
[CSV] 262;1608510244645761;1608510244834076;188315;1608510246305315;1608510246308458;3143;1608510246643433;1608510248347769;1704336;1608510248348544;1608510248352301;3757;1471239;334975;775;3514468;0
[CSV] 263;1608510246339005;1608510246529814;190809;1608510248030975;1608510248034139;3164;1608510248380853;1608510250056250;1675397;1608510250056975;1608510250060527;3552;1501161;346714;725;3527161;0
[CSV] 264;1608510248034932;1608510248221314;186382;1608510249746440;1608510249749565;3125;1608510250087364;1608510251781572;1694208;1608510251782378;1608510251786150;3772;1525126;337799;806;3561064;0
[CSV] 265;1608510249776131;1608510249965143;189012;1608510251473456;1608510251476522;3066;1608510251814744;1608510253463387;1648643;1608510253464152;1608510253467787;3635;1508313;338222;765;3499009;0
[CSV] 266;1608510251520252;1608510251714394;194142;1608510253162512;1608510253165792;3280;1608510253494359;1608510255112659;1618300;1608510255113431;1608510255117183;3752;1448118;328567;772;3399037;0
[CSV] 267;1608510253169476;1608510253357402;187926;1608510254803706;1608510254806829;3123;1608510255145963;1608510256725339;1579376;1608510256726220;1608510256730288;4068;1446304;339134;881;3368818;0
[CSV] 268;1608510254811947;1608510255000810;188863;1608510256416195;1608510256419332;3137;1608510256758070;1608510258412822;1654752;1608510258413571;1608510258417315;3744;1415385;338738;749;3412761;0
[CSV] 269;1608510256456240;1608510256648430;192190;1608510258102084;1608510258106822;4738;1608510258443918;1608510260080226;1636308;1608510260080963;1608510260084400;3437;1453654;337096;737;3432533;0
[CSV] 270;1608510258102931;1608510258284951;182020;1608510259772771;1608510259775912;3141;1608510260111383;1608510261805438;1694055;1608510261806229;1608510261809761;3532;1487820;335471;791;3521278;0
[CSV] 271;1608510259790150;1608510259977880;187730;1608510261498600;1608510261502256;3656;1608510261836393;1608510263451846;1615453;1608510263452441;1608510263457084;4643;1520720;334137;595;3474561;0
[CSV] 272;1608510261534257;1608510261721272;187015;1608510263145591;1608510263148793;3202;1608510263480952;1608510265154658;1673706;1608510265155413;1608510265159084;3671;1424319;332159;755;3434141;0
[CSV] 273;1608510263176429;1608510263365492;189063;1608510264848560;1608510264851638;3078;1608510265187724;1608510266800748;1613024;1608510266801535;1608510266805264;3729;1483068;336086;787;3436043;0
[CSV] 274;1608510264870231;1608510265058355;188124;1608510266496558;1608510266499710;3152;1608510266833958;1608510268493465;1659507;1608510268494096;1608510268497882;3786;1438203;334248;631;3435741;0
[CSV] 275;1608510266513202;1608510266700084;186882;1608510268182927;1608510268186005;3078;1608510268524642;1608510270171402;1646760;1608510270172181;1608510270175836;3655;1482843;338637;779;3472097;0
[CSV] 276;1608510268205822;1608510268393104;187282;1608510269855401;1608510269858910;3509;1608510270202381;1608510271811834;1609453;1608510271812439;1608510271816296;3857;1462297;343471;605;3419335;0
[CSV] 277;1608510269898425;1608510270090772;192347;1608510271513448;1608510271516694;3246;1608510271845048;1608510273566365;1721317;1608510273567148;1608510273570788;3640;1422676;328354;783;3476376;0
[CSV] 278;1608510271545986;1608510271737710;191724;1608510273250102;1608510273253318;3216;1608510273601394;1608510275273389;1671995;1608510275273947;1608510275277927;3980;1512392;348076;558;3536237;0
[CSV] 279;1608510273292948;1608510273488131;195183;1608510274967547;1608510274970661;3114;1608510275300424;1608510276983648;1683224;1608510276984466;1608510276988364;3898;1479416;329763;818;3496335;0
[CSV] 280;1608510274993512;1608510275180425;186913;1608510276670151;1608510276673448;3297;1608510277010750;1608510278693666;1682916;1608510278694453;1608510278698181;3728;1489726;337302;787;3514028;0
[CSV] 281;1608510276685606;1608510276878188;192582;1608510278380322;1608510278387264;6942;1608510278723751;1608510280383829;1660078;1608510280384416;1608510280388256;3840;1502134;336487;587;3506228;0
[CSV] 282;1608510278383443;1608510278572265;188822;1608510280072258;1608510280075268;3010;1608510280416974;1608510282041702;1624728;1608510282042513;1608510282046221;3708;1499993;341706;811;3470248;0
[CSV] 283;1608510280077325;1608510280266099;188774;1608510281727125;1608510281730312;3187;1608510282074819;1608510283740947;1666128;1608510283741549;1608510283745416;3867;1461026;344507;602;3475450;0
[CSV] 284;1608510281771335;1608510281964513;193178;1608510283440665;1608510283443739;3074;1608510283774086;1608510285410726;1636640;1608510285411498;1608510285415211;3713;1476152;330347;772;3446985;0
[CSV] 285;1608510283469437;1608510283659254;189817;1608510285102263;1608510285105313;3050;1608510285441853;1608510287134681;1692828;1608510287135487;1608510287139182;3695;1443009;336540;806;3476233;0
[CSV] 286;1608510285114338;1608510285303490;189152;1608510286828105;1608510286831153;3048;1608510287167743;1608510288795833;1628090;1608510288796420;1608510288800244;3824;1524615;336590;587;3492930;0
[CSV] 287;1608510286858388;1608510287048340;189952;1608510288495830;1608510288498908;3078;1608510288826944;1608510290459328;1632384;1608510290460107;1608510290463736;3629;1447490;328036;779;3411767;0
[CSV] 288;1608510288504130;1608510288692575;188445;1608510290157020;1608510290160179;3159;1608510290492489;1608510292174301;1681812;1608510292175014;1608510292178469;3455;1464445;332310;713;3482439;0
[CSV] 289;1608510290198678;1608510290388000;189322;1608510291859216;1608510291862278;3062;1608510292209292;1608510293920617;1711325;1608510293921382;1608510293925124;3742;1471216;347014;765;3533382;0
[CSV] 290;1608510291892722;1608510292081476;188754;1608510293613265;1608510293616261;2996;1608510293951679;1608510295572745;1621066;1608510295573533;1608510295577508;3975;1531789;335418;788;3492057;0
[CSV] 291;1608510293636592;1608510293824249;187657;1608510295262558;1608510295265700;3142;1608510295603597;1608510297225071;1621474;1608510297225806;1608510297229633;3827;1438309;337897;735;3401557;0
[CSV] 292;1608510295279263;1608510295467184;187921;1608510296912434;1608510296915573;3139;1608510297256193;1608510298990977;1734784;1608510298991538;1608510298994610;3072;1445250;340620;561;3524354;0
[CSV] 293;1608510296922435;1608510297111029;188594;1608510298679998;1608510298683243;3245;1608510299022585;1608510300604566;1581981;1608510300605236;1608510300609231;3995;1568969;339342;670;3494207;0
[CSV] 294;1608510298716698;1608510298912228;195530;1608510300293955;1608510300297223;3268;1608510300637769;1608510302315983;1678214;1608510302316740;1608510302320428;3688;1381727;340546;757;3404512;0
[CSV] 295;1608510300316699;1608510300510146;193447;1608510302004734;1608510302007865;3131;1608510302349049;1608510304074229;1725180;1608510304074782;1608510304078353;3571;1494588;341184;553;3564636;0
[CSV] 296;1608510302015281;1608510302203491;188210;1608510303772225;1608510303775426;3201;1608510304107293;1608510305781764;1674471;1608510305782554;1608510305786325;3771;1568734;331867;790;3579063;0
[CSV] 297;1608510303809146;1608510303999209;190063;1608510305472858;1608510305476007;3149;1608510305812868;1608510307538363;1725495;1608510307539304;1608510307543796;4492;1473649;336861;941;3540095;0
[CSV] 298;1608510305504163;1608510305694239;190076;1608510307236691;1608510307239790;3099;1608510307569079;1608510309259427;1690348;1608510309260201;1608510309263870;3669;1542452;329289;774;3565962;0
[CSV] 299;1608510307249262;1608510307437094;187832;1608510308956431;1608510308959651;3220;1608510309290637;1608510310962781;1672144;1608510310963547;1608510310967495;3948;1519337;330986;766;3526453;0
[CSV] 300;1608510308992774;1608510309185451;192677;1608510310657799;1608510310660829;3030;1608510310997738;1608510312582824;1585086;1608510312583449;1608510312587309;3860;1472348;336909;625;3397998;0
[CSV] 301;1608510310690940;1608510310885260;194320;1608510312269119;1608510312272206;3087;1608510312615977;1608510314277626;1661649;1608510314278422;1608510314282175;3753;1383859;343771;796;3393162;0
[CSV] 302;1608510312289936;1608510312480320;190384;1608510313962149;1608510313965239;3090;1608510314308804;1608510315999378;1690574;1608510315999917;1608510316003824;3907;1481829;343565;539;3519597;0
[CSV] 303;1608510313985286;1608510314174745;189459;1608510315694299;1608510315697315;3016;1608510316030737;1608510317653579;1622842;1608510317654389;1608510317658385;3996;1519554;333422;810;3479644;0
[CSV] 304;1608510315730290;1608510315918173;187883;1608510317340884;1608510317344119;3235;1608510317688446;1608510319364782;1676336;1608510319365529;1608510319369494;3965;1422711;344327;747;3447356;0
[CSV] 305;1608510317373181;1608510317562637;189456;1608510319054520;1608510319057599;3079;1608510319395915;1608510321025761;1629846;1608510321026610;1608510321031095;4485;1491883;338316;849;3463973;0
[CSV] 306;1608510319067556;1608510319255416;187860;1608510320723997;1608510320727147;3150;1608510321060953;1608510322786899;1725946;1608510322787691;1608510322791625;3934;1468581;333806;792;3532275;0
[CSV] 307;1608510320760399;1608510320950342;189943;1608510322484167;1608510322487249;3082;1608510322818108;1608510324451668;1633560;1608510324452465;1608510324456551;4086;1533825;330859;797;3502123;0
[CSV] 308;1608510322506153;1608510322691530;185377;1608510324147591;1608510324150719;3128;1608510324483907;1608510326209569;1725662;1608510326210215;1608510326213946;3731;1456061;333188;646;3518685;0
[CSV] 309;1608510324197373;1608510324387356;189983;1608510325906920;1608510325910056;3136;1608510326239806;1608510327931101;1691295;1608510327931813;1608510327935589;3776;1519564;329750;712;3544457;0
[CSV] 310;1608510325942658;1608510326131972;189314;1608510327626298;1608510327629421;3123;1608510327960167;1608510329556059;1595892;1608510329556779;1608510329560738;3959;1494326;330746;720;3424807;0
[CSV] 311;1608510327637272;1608510327830312;193040;1608510329253228;1608510329256223;2995;1608510329589061;1608510331221161;1632100;1608510331221875;1608510331225473;3598;1422916;332838;714;3391563;0
[CSV] 312;1608510329285240;1608510329474282;189042;1608510330916498;1608510330919526;3028;1608510331252052;1608510332846658;1594606;1608510332847452;1608510332851202;3750;1442216;332526;794;3373170;0
[CSV] 313;1608510330928795;1608510331117482;188687;1608510332541946;1608510332545112;3166;1608510332877849;1608510334593084;1715235;1608510334593813;1608510334597672;3859;1424464;332737;729;3476331;0
[CSV] 314;1608510332572394;1608510332760781;188387;1608510334281617;1608510334284799;3182;1608510334624069;1608510336344683;1720614;1608510336345509;1608510336349389;3880;1520836;339270;826;3584728;0
[CSV] 315;1608510334315527;1608510334502845;187318;1608510336029676;1608510336032782;3106;1608510336375694;1608510338029822;1654128;1608510338030418;1608510338034292;3874;1526831;342912;596;3527573;0
[CSV] 316;1608510336059090;1608510336247642;188552;1608510337723531;1608510337726716;3185;1608510338060928;1608510339733003;1672075;1608510339733600;1608510339737446;3846;1475889;334212;597;3485958;0
[CSV] 317;1608510337752586;1608510337947270;194684;1608510339428228;1608510339431232;3004;1608510339764119;1608510341400589;1636470;1608510341401384;1608510341405120;3736;1480958;332887;795;3454114;0
[CSV] 318;1608510339451915;1608510339642063;190148;1608510341093234;1608510341096440;3206;1608510341431882;1608510343098735;1666853;1608510343099523;1608510343103265;3742;1451171;335442;788;3457460;0
[CSV] 319;1608510341096900;1608510341290302;193402;1608510342798647;1608510342802504;3857;1608510343133940;1608510344788108;1654168;1608510344788679;1608510344792614;3935;1508345;331436;571;3498377;0
[CSV] 320;1608510342847516;1608510343044573;197057;1608510344481761;1608510344484840;3079;1608510344819187;1608510346485555;1666368;1608510346486341;1608510346490112;3771;1437188;334347;786;3441768;0
[CSV] 321;1608510344499298;1608510344688913;189615;1608510346166438;1608510346169539;3101;1608510346516619;1608510348202340;1685721;1608510348203120;1608510348206788;3668;1477525;347080;780;3514207;0
[CSV] 322;1608510346194853;1608510346385060;190207;1608510347882834;1608510347885935;3101;1608510348234394;1608510349854719;1620325;1608510349855498;1608510349859269;3771;1497774;348459;779;3470438;0
[CSV] 323;1608510347890273;1608510348077865;187592;1608510349544160;1608510349545878;1718;1608510349886067;1608510351468826;1582759;1608510351469424;1608510351473244;3820;1466295;340189;598;3391559;0
[CSV] 324;1608510349582587;1608510349762341;179754;1608510351157733;1608510351160819;3086;1608510351500001;1608510353150797;1650796;1608510353151420;1608510353155328;3908;1395392;339182;623;3389079;0
[CSV] 325;1608510351166686;1608510351353417;186731;1608510352847182;1608510352850493;3311;1608510353184050;1608510354949426;1765376;1608510354950331;1608510354954692;4361;1493765;333557;905;3596914;0
[CSV] 326;1608510352858311;1608510353051514;193203;1608510354644515;1608510354647768;3253;1608510354982182;1608510356604211;1622029;1608510356604947;1608510356608390;3443;1593001;334414;736;3553433;0
[CSV] 327;1608510354657458;1608510354848971;191513;1608510356291425;1608510356294556;3131;1608510356635175;1608510358385398;1750223;1608510358386173;1608510358389559;3386;1442454;340619;775;3537202;0
[CSV] 328;1608510356303723;1608510356493113;189390;1608510358077499;1608510358080793;3294;1608510358416362;1608510360211167;1794805;1608510360211889;1608510360215464;3575;1584386;335569;722;3718776;0
[CSV] 329;1608510358099643;1608510358288329;188686;1608510359896683;1608510359899756;3073;1608510360242258;1608510361902918;1660660;1608510361903672;1608510361907362;3690;1608354;342502;754;3615343;0
[CSV] 330;1608510359943634;1608510360133988;190354;1608510361590105;1608510361593145;3040;1608510361934176;1608510363509307;1575131;1608510363510070;1608510363513820;3750;1456117;341031;763;3376082;0
[CSV] 331;1608510361639698;1608510361832062;192364;1608510363205591;1608510363208956;3365;1608510363540333;1608510365203602;1663269;1608510365204399;1608510365208392;3993;1373529;331377;797;3372337;0
[CSV] 332;1608510363236895;1608510363428043;191148;1608510364887461;1608510364890474;3013;1608510365237651;1608510366815627;1577976;1608510366816422;1608510366820176;3754;1459418;347177;795;3388379;0
[CSV] 333;1608510364932942;1608510365125320;192378;1608510366507761;1608510366510870;3109;1608510366844771;1608510368505833;1661062;1608510368506595;1608510368510318;3723;1382441;333901;762;3381275;0
[CSV] 334;1608510366529839;1608510366719961;190122;1608510368194143;1608510368197156;3013;1608510368536986;1608510370160757;1623771;1608510370161386;1608510370165275;3889;1474182;339830;629;3441425;0
[CSV] 335;1608510368224947;1608510368415575;190628;1608510369845518;1608510369848571;3053;1608510370189888;1608510371761725;1571837;1608510371762499;1608510371766231;3732;1429943;341317;774;3346924;0
[CSV] 336;1608510369870287;1608510370056644;186357;1608510371442492;1608510371445570;3078;1608510371792808;1608510373409913;1617105;1608510373410504;1608510373414377;3873;1385848;347238;591;3353860;0
[CSV] 337;1608510371461216;1608510371650753;189537;1608510373101581;1608510373104723;3142;1608510373437127;1608510375094736;1657609;1608510375095519;1608510375099256;3737;1450828;332404;783;3444766;0
[CSV] 338;1608510373105545;1608510373294670;189125;1608510374786710;1608510374789886;3176;1608510375121798;1608510376888409;1766611;1608510376888971;1608510376892889;3918;1492040;331912;562;3594301;0
[CSV] 339;1608510374799519;1608510374989174;189655;1608510376587492;1608510376590841;3349;1608510376921549;1608510378622633;1701084;1608510378623258;1608510378627073;3815;1598318;330708;625;3634084;0
[CSV] 340;1608510376595921;1608510376785268;189347;1608510378306454;1608510378310038;3584;1608510378653683;1608510380237772;1584089;1608510380238545;1608510380242555;4010;1521186;343645;773;3453277;0
[CSV] 341;1608510378340529;1608510378534146;193617;1608510379926145;1608510379929899;3754;1608510380268680;1608510381915004;1646324;1608510381915838;1608510381919973;4135;1391999;338781;834;3381692;0
[CSV] 342;1608510379939299;1608510380131919;192620;1608510381596765;1608510381600125;3360;1608510381947923;1608510383632523;1684600;1608510383633321;1608510383637047;3726;1464846;347798;798;3501402;0
[CSV] 343;1608510381637294;1608510381831392;194098;1608510383313354;1608510383316975;3621;1608510383665771;1608510385407428;1741657;1608510385408010;1608510385411950;3940;1481962;348796;582;3576618;0
[CSV] 344;1608510383336736;1608510383530464;193728;1608510385106883;1608510385109970;3087;1608510385440504;1608510387116436;1675932;1608510387117001;1608510387120899;3898;1576419;330534;565;3586537;0
[CSV] 345;1608510385135377;1608510385325588;190211;1608510386805581;1608510386808695;3114;1608510387147541;1608510388828553;1681012;1608510388829329;1608510388833289;3960;1479993;338846;776;3503741;0
[CSV] 346;1608510386830229;1608510387020403;190174;1608510388513744;1608510388516843;3099;1608510388859331;1608510390521486;1662155;1608510390522255;1608510390526153;3898;1493341;342488;769;3501852;0
[CSV] 347;1608510388525250;1608510388704821;179571;1608510390206575;1608510390209776;3201;1608510390554430;1608510392263808;1709378;1608510392264563;1608510392268474;3911;1501754;344654;755;3559742;0
[CSV] 348;1608510390210253;1608510390399835;189582;1608510391956368;1608510391959462;3094;1608510392294782;1608510393974828;1680046;1608510393975606;1608510393979522;3916;1556533;335320;778;3575771;0
[CSV] 349;1608510392005746;1608510392194786;189040;1608510393661239;1608510393664578;3339;1608510394007760;1608510395683821;1676061;1608510395684611;1608510395688524;3913;1466453;343182;790;3489825;0
[CSV] 350;1608510393699578;1608510393893821;194243;1608510395373361;1608510395376372;3011;1608510395715759;1608510397332155;1616396;1608510397332857;1608510397336483;3626;1479540;339387;702;3439036;0
[CSV] 351;1608510395399741;1608510395589933;190192;1608510397025721;1608510397028863;3142;1608510397362957;1608510399050613;1687656;1608510399051402;1608510399055360;3958;1435788;334094;789;3461469;0
[CSV] 352;1608510397044693;1608510397234582;189889;1608510398729988;1608510398733110;3122;1608510399079482;1608510400740467;1660985;1608510400741230;1608510400745372;4142;1495406;346372;763;3506648;0
[CSV] 353;1608510398739401;1608510398929465;190064;1608510400428423;1608510400431467;3044;1608510400769435;1608510402351480;1582045;1608510402352226;1608510402355967;3741;1498958;337968;746;3422761;0
[CSV] 354;1608510400434265;1608510400624192;189927;1608510402041371;1608510402044418;3047;1608510402384400;1608510404070539;1686139;1608510404071313;1608510404075228;3915;1417179;339982;774;3447121;0
[CSV] 355;1608510402078822;1608510402269134;190312;1608510403750808;1608510403754066;3258;1608510404101503;1608510405767491;1665988;1608510405768239;1608510405771736;3497;1481674;347437;748;3499105;0
[CSV] 356;1608510403773863;1608510403964691;190828;1608510405448286;1608510405451287;3001;1608510405796491;1608510407427418;1630927;1608510407428186;1608510407431991;3805;1483595;345204;768;3463495;0
[CSV] 357;1608510405469634;1608510405659141;189507;1608510407126505;1608510407129680;3175;1608510407457496;1608510409142544;1685048;1608510409143339;1608510409146898;3559;1467364;327816;795;3484198;0
[CSV] 358;1608510407164084;1608510407354944;190860;1608510408825256;1608510408828283;3027;1608510409175559;1608510410838541;1662982;1608510410839348;1608510410843812;4464;1470312;347276;807;3484404;0
[CSV] 359;1608510408860176;1608510409051134;190958;1608510410523202;1608510410526934;3732;1608510410869656;1608510412551392;1681736;1608510412551951;1608510412555863;3912;1472068;342722;559;3500817;0
[CSV] 360;1608510410556864;1608510410753226;196362;1608510412236181;1608510412239277;3096;1608510412584719;1608510414267872;1683153;1608510414268464;1608510414272284;3820;1482955;345442;592;3515238;0
[CSV] 361;1608510412258233;1608510412449485;191252;1608510413949482;1608510413952541;3059;1608510414298946;1608510415923553;1624607;1608510415924386;1608510415928654;4268;1499997;346405;833;3474901;0
[CSV] 362;1608510413955779;1608510414143999;188220;1608510415608701;1608510415611771;3070;1608510415954651;1608510417608507;1653856;1608510417609313;1608510417612975;3662;1464702;342880;806;3465314;0
[CSV] 363;1608510415648608;1608510415839367;190759;1608510417300684;1608510417303780;3096;1608510417639670;1608510419311699;1672029;1608510419312464;1608510419316205;3741;1461317;335890;765;3473097;0
[CSV] 364;1608510417344252;1608510417532758;188506;1608510419005517;1608510419008627;3110;1608510419342722;1608510421015484;1672762;1608510421016292;1608510421019950;3658;1472759;334095;808;3483534;0
[CSV] 365;1608510419037686;1608510419225918;188232;1608510420708444;1608510420711463;3019;1608510421048675;1608510422634753;1586078;1608510422635587;1608510422639503;3916;1482526;337212;834;3409669;0
[CSV] 366;1608510420730757;1608510420920533;189776;1608510422318636;1608510422322532;3896;1608510422666171;1608510424359123;1692952;1608510424359831;1608510424363596;3765;1398103;343639;708;3439298;0
[CSV] 367;1608510422325848;1608510422516493;190645;1608510424051122;1608510424054257;3135;1608510424392173;1608510426001332;1609159;1608510426001893;1608510426005522;3629;1534629;337916;561;3485400;0
[CSV] 368;1608510424071943;1608510424264691;192748;1608510425701579;1608510425704833;3254;1608510426034369;1608510427624531;1590162;1608510427625330;1608510427629231;3901;1436888;329536;799;3360639;0
[CSV] 369;1608510425719264;1608510425909092;189828;1608510427305233;1608510427308772;3539;1608510427655772;1608510429292161;1636389;1608510429292884;1608510429296798;3914;1396141;347000;723;3383792;0
[CSV] 370;1608510427314129;1608510427504291;190162;1608510428983145;1608510428986511;3366;1608510429319123;1608510431003399;1684276;1608510431003956;1608510431007875;3919;1478854;332612;557;3499665;0
[CSV] 371;1608510429009239;1608510429199404;190165;1608510430689561;1608510430692595;3034;1608510431036719;1608510432627117;1590398;1608510432627681;1608510432631563;3882;1490157;344124;564;3428277;0
[CSV] 372;1608510430704322;1608510430893228;188906;1608510432324698;1608510432327741;3043;1608510432658176;1608510434249536;1591360;1608510434250334;1608510434254149;3815;1431470;330435;798;3357106;0
[CSV] 373;1608510432347778;1608510432536814;189036;1608510433929139;1608510433932199;3060;1608510434280889;1608510435904801;1623912;1608510435905415;1608510435909574;4159;1392325;348690;614;3368601;0
[CSV] 374;1608510433941458;1608510434132750;191292;1608510435589613;1608510435593108;3495;1608510435936048;1608510437548413;1612365;1608510437549183;1608510437552847;3664;1456863;342940;770;3416433;0
[CSV] 375;1608510435639391;1608510435835854;196463;1608510437244817;1608510437248176;3359;1608510437577838;1608510439145129;1567291;1608510439145681;1608510439149502;3821;1408963;329662;552;3309827;0
[CSV] 376;1608510437290887;1608510437481938;191051;1608510438830562;1608510438833892;3330;1608510439178212;1608510440834465;1656253;1608510440835236;1608510440838860;3624;1348624;344320;771;3353298;0
[CSV] 377;1608510438836601;1608510439024538;187937;1608510440523694;1608510440526766;3072;1608510440867429;1608510442487735;1620306;1608510442488370;1608510442492243;3873;1499156;340663;635;3463832;0
[CSV] 378;1608510440529463;1608510440716090;186627;1608510442175708;1608510442178952;3244;1608510442523099;1608510444294203;1771104;1608510444294914;1608510444298409;3495;1459618;344147;711;3578824;0
[CSV] 379;1608510442221240;1608510442414333;193093;1608510443982906;1608510443986047;3141;1608510444327238;1608510445997611;1670373;1608510445998387;1608510446002339;3952;1568573;341191;776;3584054;0
[CSV] 380;1608510444019419;1608510444207099;187680;1608510445692473;1608510445695680;3207;1608510446028917;1608510447606931;1578014;1608510447607536;1608510447611393;3857;1485374;333237;605;3400437;0
[CSV] 381;1608510445712319;1608510445905994;193675;1608510447299687;1608510447302785;3098;1608510447638056;1608510449309997;1671941;1608510449310748;1608510449314468;3720;1393693;335271;751;3404754;0
[CSV] 382;1608510447311008;1608510447497908;186900;1608510449004571;1608510449007637;3066;1608510449343066;1608510450956156;1613090;1608510450956707;1608510450960668;3961;1506663;335429;551;3458799;0
[CSV] 383;1608510449054282;1608510449242818;188536;1608510450650901;1608510450654619;3718;1608510450990353;1608510452697480;1707127;1608510452698298;1608510452701988;3690;1408083;335734;818;3455480;0
[CSV] 384;1608510450700463;1608510450894577;194114;1608510452394722;1608510452397887;3165;1608510452729647;1608510454326159;1596512;1608510454326697;1608510454330572;3875;1500145;331760;538;3432120;0
[CSV] 385;1608510452399389;1608510452588231;188842;1608510454017671;1608510454020767;3096;1608510454357303;1608510455986805;1629502;1608510455987563;1608510455991322;3759;1429440;336536;758;3399332;0
[CSV] 386;1608510454043250;1608510454233168;189918;1608510455666827;1608510455670230;3403;1608510456018056;1608510457685359;1667303;1608510457686247;1608510457690621;4374;1433659;347826;888;3453079;0
[CSV] 387;1608510455688428;1608510455879645;191217;1608510457382925;1608510457389685;6760;1608510457716223;1608510459376132;1659909;1608510459376842;1608510459380598;3756;1503280;326538;710;3497197;0
[CSV] 388;1608510457384717;1608510457576943;192226;1608510459063001;1608510459066159;3158;1608510459407153;1608510461110625;1703472;1608510461111387;1608510461115124;3737;1486058;340994;762;3534444;0
[CSV] 389;1608510459081869;1608510459272151;190282;1608510460792972;1608510460796167;3195;1608510461139588;1608510462759129;1619541;1608510462759849;1608510462763374;3525;1520821;343421;720;3487698;0
[CSV] 390;1608510460827491;1608510461020555;193064;1608510462450231;1608510462453225;2994;1608510462792128;1608510464369128;1577000;1608510464369873;1608510464373819;3946;1429676;338903;745;3349318;0
[CSV] 391;1608510462475764;1608510462664140;188376;1608510464062090;1608510464065394;3304;1608510464402176;1608510466077870;1675694;1608510466078465;1608510466082317;3852;1397950;336782;595;3414325;0
[CSV] 392;1608510464068961;1608510464262240;193279;1608510465770140;1608510465773219;3079;1608510466109051;1608510467785769;1676718;1608510467786503;1608510467790284;3781;1507900;335832;734;3524263;0
[CSV] 393;1608510465767162;1608510465959778;192616;1608510467474875;1608510467478064;3189;1608510467819291;1608510469443728;1624437;1608510469444507;1608510469448243;3736;1515097;341227;779;3484729;0
[CSV] 394;1608510467515275;1608510467708107;192832;1608510469128391;1608510469131466;3075;1608510469475737;1608510471184984;1709247;1608510471185740;1608510471189491;3751;1420284;344271;756;3477633;0
[CSV] 395;1608510469162737;1608510469350974;188237;1608510470878650;1608510470881739;3089;1608510471218130;1608510472836471;1618341;1608510472837285;1608510472840955;3670;1527676;336391;814;3486311;0
[CSV] 396;1608510470907154;1608510471096280;189126;1608510472526009;1608510472529123;3114;1608510472865490;1608510474515919;1650429;1608510474516649;1608510474520339;3690;1429729;336367;730;3420369;0
[CSV] 397;1608510472550823;1608510472745279;194456;1608510474214119;1608510474217150;3031;1608510474549054;1608510476161822;1612768;1608510476162597;1608510476166375;3778;1468840;331904;775;3417318;0
[CSV] 398;1608510474250401;1608510474441928;191527;1608510475856144;1608510475859258;3114;1608510476194628;1608510477826537;1631909;1608510477827315;1608510477831049;3734;1414216;335370;778;3385387;0
[CSV] 399;1608510475897313;1608510476092080;194767;1608510477522678;1608510477525843;3165;1608510477859634;1608510479592298;1732664;1608510479593010;1608510479596437;3427;1430598;333791;712;3500930;0
[CSV] 400;1608510477547311;1608510477736933;189622;1608510479282493;1608510479285590;3097;1608510479623289;1608510481304294;1681005;1608510481304838;1608510481308386;3548;1545560;337699;544;3567905;0
[CSV] 401;1608510479292129;1608510479480143;188014;1608510480989302;1608510480992556;3254;1608510481335331;1608510482951350;1616019;1608510482951920;1608510482955845;3925;1509159;342775;570;3471777;0
[CSV] 402;1608510481035696;1608510481227230;191534;1608510482644478;1608510482647549;3071;1608510482982426;1608510484608945;1626519;1608510484609715;1608510484613432;3717;1417248;334877;770;3382485;0
[CSV] 403;1608510482682155;1608510482872796;190641;1608510484289907;1608510484292959;3052;1608510484638114;1608510486232065;1593951;1608510486232625;1608510486236444;3819;1417111;345155;560;3359829;0
[CSV] 404;1608510484327629;1608510484517936;190307;1608510485928575;1608510485931599;3024;1608510486263185;1608510487837585;1574400;1608510487838483;1608510487842906;4423;1410639;331586;898;3320547;0
[CSV] 405;1608510485972424;1608510486160968;188544;1608510487533981;1608510487538211;4230;1608510487868500;1608510489554379;1685879;1608510489554958;1608510489558870;3912;1373013;330289;579;3393990;0
[CSV] 406;1608510487565439;1608510487759579;194140;1608510489252478;1608510489255585;3107;1608510489587490;1608510491276165;1688675;1608510491276910;1608510491280396;3486;1492899;331905;745;3517331;0
[CSV] 407;1608510489264848;1608510489451924;187076;1608510490970759;1608510490974055;3296;1608510491305143;1608510492969527;1664384;1608510492970411;1608510492974772;4361;1518835;331088;884;3518487;0
[CSV] 408;1608510491007245;1608510491201139;193894;1608510492653284;1608510492659586;6302;1608510493002618;1608510494650953;1648335;1608510494651710;1608510494655410;3700;1452145;343032;757;3450571;0
[CSV] 409;1608510492656107;1608510492845125;189018;1608510494348677;1608510494355218;6541;1608510494686202;1608510496314180;1627978;1608510496314735;1608510496318597;3862;1503552;330984;555;3469610;0
[CSV] 410;1608510494349968;1608510494541191;191223;1608510496012659;1608510496015865;3206;1608510496345341;1608510497975712;1630371;1608510497976483;1608510497980476;3993;1471468;329476;771;3435292;0
[CSV] 411;1608510496046193;1608510496239629;193436;1608510497672533;1608510497675597;3064;1608510498006726;1608510499648655;1641929;1608510499649448;1608510499653186;3738;1432904;331129;793;3409819;0
[CSV] 412;1608510497694206;1608510497882661;188455;1608510499333771;1608510499337193;3422;1608510499681855;1608510501407537;1725682;1608510501408309;1608510501412099;3790;1451110;344662;772;3525648;0
[CSV] 413;1608510499337786;1608510499529209;191423;1608510501103474;1608510501107175;3701;1608510501438590;1608510503023516;1584926;1608510503024455;1608510503028897;4442;1574265;331415;939;3495246;0
[CSV] 414;1608510501134583;1608510501322224;187641;1608510502708155;1608510502711205;3050;1608510503054448;1608510504736861;1682413;1608510504737619;1608510504741398;3779;1385931;343243;758;3415395;0
[CSV] 415;1608510502726635;1608510502906931;180296;1608510504419561;1608510504422663;3102;1608510504767858;1608510506360830;1592972;1608510506361433;1608510506365279;3846;1512630;345195;603;3454502;0
[CSV] 416;1608510504462465;1608510504653174;190709;1608510506056662;1608510506063415;6753;1608510506391925;1608510508077720;1685795;1608510508078352;1608510508082168;3816;1403488;328510;632;3425178;0
[CSV] 417;1608510506057739;1608510506249569;191830;1608510507756893;1608510507759948;3055;1608510508108837;1608510509722910;1614073;1608510509723507;1608510509727352;3845;1507324;348889;597;3473938;0
[CSV] 418;1608510507806677;1608510507997432;190755;1608510509416134;1608510509419155;3021;1608510509754155;1608510511431340;1677185;1608510511431891;1608510511435471;3580;1418702;335000;551;3434459;0
[CSV] 419;1608510509452288;1608510509640380;188092;1608510511118867;1608510511122046;3179;1608510511463396;1608510513191171;1727775;1608510513191885;1608510513195648;3763;1478487;341350;714;3551505;0
[CSV] 420;1608510511145227;1608510511334409;189182;1608510512886784;1608510512894345;7561;1608510513224183;1608510514816736;1592553;1608510514817548;1608510514821547;3999;1552375;329838;812;3483139;0
[CSV] 421;1608510512889413;1608510513076548;187135;1608510514512867;1608510514515926;3059;1608510514847669;1608510516459348;1611679;1608510516459907;1608510516463794;3887;1436319;331743;559;3383359;0
[CSV] 422;1608510514531129;1608510514718715;187586;1608510516155993;1608510516159323;3330;1608510516488665;1608510518165703;1677038;1608510518166548;1608510518170346;3798;1437278;329342;845;3447833;0
[CSV] 423;1608510516174159;1608510516366999;192840;1608510517854288;1608510517857292;3004;1608510518196524;1608510519825835;1629311;1608510519826424;1608510519830262;3838;1487289;339232;589;3459425;0
[CSV] 424;1608510517871802;1608510518060481;188679;1608510519505181;1608510519508186;3005;1608510519856940;1608510521492994;1636054;1608510521493743;1608510521497500;3757;1444700;348754;749;3433262;0
[CSV] 425;1608510519515130;1608510519703169;188039;1608510521184419;1608510521187433;3014;1608510521526129;1608510523121367;1595238;1608510523121921;1608510523125829;3908;1481250;338696;554;3418752;0
[CSV] 426;1608510521207884;1608510521396750;188866;1608510522814237;1608510522817310;3073;1608510523152534;1608510524884676;1732142;1608510524885472;1608510524889205;3733;1417487;335224;796;3488722;0
[CSV] 427;1608510522851536;1608510523039510;187974;1608510524573796;1608510524577068;3272;1608510524913645;1608510526509567;1595922;1608510526510214;1608510526513968;3754;1534286;336577;647;3470704;0
[CSV] 428;1608510524595141;1608510524787568;192427;1608510526203578;1608510526206638;3060;1608510526542904;1608510528169456;1626552;1608510528170267;1608510528173921;3654;1416010;336266;811;3382699;0
[CSV] 429;1608510526242245;1608510526431124;188879;1608510527850291;1608510527853450;3159;1608510528202677;1608510529844665;1641988;1608510529845442;1608510529849376;3934;1419167;349227;777;3414318;0
[CSV] 430;1608510527885846;1608510528077822;191976;1608510529528145;1608510529531146;3001;1608510529879650;1608510531507814;1628164;1608510531508578;1608510531512539;3961;1450323;348504;764;3430756;0
[CSV] 431;1608510529532587;1608510529722631;190044;1608510531206668;1608510531209806;3138;1608510531540612;1608510533218758;1678146;1608510533219567;1608510533223299;3732;1484037;330806;809;3496936;0
[CSV] 432;1608510531227605;1608510531416477;188872;1608510532906000;1608510532909272;3272;1608510533249861;1608510534967354;1717493;1608510534967915;1608510534971851;3936;1489523;340589;561;3551438;0
[CSV] 433;1608510532921733;1608510533113540;191807;1608510534653179;1608510534656247;3068;1608510534996588;1608510536623893;1627305;1608510536624696;1608510536628671;3975;1539639;340341;803;3511156;0
[CSV] 434;1608510534669966;1608510534857286;187320;1608510536307249;1608510536310479;3230;1608510536654822;1608510538275861;1621039;1608510538276661;1608510538280613;3952;1449963;344343;800;3419375;0
[CSV] 435;1608510536312255;1608510536504823;192568;1608510537962608;1608510537965650;3042;1608510538306754;1608510539878159;1571405;1608510539878878;1608510539882461;3583;1457785;341104;719;3374055;0
[CSV] 436;1608510538012414;1608510538202871;190457;1608510539576144;1608510539579257;3113;1608510539909047;1608510541491432;1582385;1608510541492211;1608510541496133;3922;1373273;329790;779;3289340;0
[CSV] 437;1608510539607955;1608510539802400;194445;1608510541178643;1608510541181755;3112;1608510541522280;1608510543191687;1669407;1608510543192471;1608510543196247;3776;1376243;340525;784;3390071;0
[CSV] 438;1608510541207172;1608510541397125;189953;1608510542887497;1608510542889883;2386;1608510543223794;1608510544832125;1608331;1608510544832843;1608510544836658;3815;1490372;333911;718;3435718;0
[CSV] 439;1608510542902118;1608510543081198;179080;1608510544512291;1608510544515299;3008;1608510544863163;1608510546493410;1630247;1608510546493963;1608510546497831;3868;1431093;347864;553;3412765;0
[CSV] 440;1608510544535882;1608510544697424;161542;1608510546189807;1608510546193169;3362;1608510546524590;1608510548104632;1580042;1608510548105431;1608510548109242;3811;1492383;331421;799;3408007;0
[CSV] 441;1608510546202224;1608510546393032;190808;1608510547793194;1608510547795662;2468;1608510548135725;1608510549714968;1579243;1608510549715570;1608510549719388;3818;1400162;340063;602;3322538;0
[CSV] 442;1608510547797385;1608510547952004;154619;1608510549404651;1608510549411479;6828;1608510549748124;1608510551374844;1626720;1608510551375443;1608510551379366;3923;1452647;336645;599;3423439;0
